{
  "bounds": [
    389.73065185546875,
    524.0116577148438,
    -145.857666015625,
    105.65766143798828,
    237.06773376464844,
    419.84466552734375
  ],
  "margin_mm": 10.0,
  "raw_measurements": {
    "x_min": [
      379.73065185546875,
      -11.093326568603516,
      334.3991394042969,
      -178.24676513671875,
      -3.4799740314483643,
      178.3756866455078
    ],
    "x_max": [
      534.0116577148438,
      -31.293479919433594,
      309.03387451171875,
      -178.37928771972656,
      -2.5902280807495117,
      176.9073028564453
    ],
    "y_min": [
      487.6543273925781,
      -155.857666015625,
      290.99822998046875,
      -178.44088745117188,
      -5.89980411529541,
      162.54916381835938
    ],
    "y_max": [
      498.6963806152344,
      115.65766143798828,
      292.34979248046875,
      -178.37069702148438,
      -5.749173164367676,
      -166.7333526611328
    ],
    "z_min": [
      476.20648193359375,
      -9.754708290100098,
      227.06773376464844,
      -178.86029052734375,
      -2.969067096710205,
      179.01654052734375
    ],
    "z_max": [
      415.601318359375,
      -39.33247756958008,
      429.84466552734375,
      -177.94224548339844,
      2.3615028858184814,
      174.65638732910156
    ]
  }
}